"ParentContainer";"ParentContainerDN";"Xylem-TimeZone";"SiteCode";"Country"
"emeadmz.net/_AccountObjects/SEEMM1/Servers";"OU=Servers,OU=SEEMM1,OU=_AccountObjects,DC=emeadmz,DC=net";;"SEEMM1";
"emeadmz.net/_AccountObjects/SEEMM1/Servers/Production";"OU=Production,OU=Servers,OU=SEEMM1,OU=_AccountObjects,DC=emeadmz,DC=net";;;
"emeadmz.net/_AccountObjects/SEEMM1/Servers/Production/FSG";"OU=FSG,OU=Production,OU=Servers,OU=SEEMM1,OU=_AccountObjects,DC=emeadmz,DC=net";;;
"emeadmz.net/_AccountObjects/SEEMM1/Servers/Test";"OU=Test,OU=Servers,OU=SEEMM1,OU=_AccountObjects,DC=emeadmz,DC=net";;;
"emeadmz.net/_AccountObjects/SEEMM1/Servers/Test/FSG";"OU=FSG,OU=Test,OU=Servers,OU=SEEMM1,OU=_AccountObjects,DC=emeadmz,DC=net";;;
"emeadmz.net/_AccountObjects/SESTO1/Servers";"OU=Servers,OU=SESTO1,OU=_AccountObjects,DC=emeadmz,DC=net";;"SESTO1";
"emeadmz.net/_GlobalServers/DSServers";"OU=DSServers,OU=_GlobalServers,DC=emeadmz,DC=net";;;
"emeadmz.net/_GlobalServers/DSServers/Jump";"OU=Jump,OU=DSServers,OU=_GlobalServers,DC=emeadmz,DC=net";;;
"emeadmz.net/Domain Controllers";"OU=Domain Controllers,DC=emeadmz,DC=net";;;
"lab.sensus.net/Computers";"CN=Computers,DC=lab,DC=sensus,DC=net";;;
"lab.sensus.net/DA/acdev";"OU=acdev,OU=DA,DC=lab,DC=sensus,DC=net";;;
"lab.sensus.net/DA/acdev/SQL Cluster Nodes";"OU=SQL Cluster Nodes,OU=acdev,OU=DA,DC=lab,DC=sensus,DC=net";;;
"lab.sensus.net/DA/aclpg";"OU=aclpg,OU=DA,DC=lab,DC=sensus,DC=net";;;
"lab.sensus.net/DA/aclpg/SQL Cluster Nodes";"OU=SQL Cluster Nodes,OU=aclpg,OU=DA,DC=lab,DC=sensus,DC=net";;;
"lab.sensus.net/DA/acmisc";"OU=acmisc,OU=DA,DC=lab,DC=sensus,DC=net";;;
"lab.sensus.net/DA/acmisc/SQL Cluster Nodes";"OU=SQL Cluster Nodes,OU=acmisc,OU=DA,DC=lab,DC=sensus,DC=net";;;
"lab.sensus.net/DA/acpeco";"OU=acpeco,OU=DA,DC=lab,DC=sensus,DC=net";;;
"lab.sensus.net/DA/acpeco/SQL Cluster Nodes";"OU=SQL Cluster Nodes,OU=acpeco,OU=DA,DC=lab,DC=sensus,DC=net";;;
"lab.sensus.net/DA/acprod";"OU=acprod,OU=DA,DC=lab,DC=sensus,DC=net";;;
"lab.sensus.net/DA/acprod/SQL Cluster Nodes";"OU=SQL Cluster Nodes,OU=acprod,OU=DA,DC=lab,DC=sensus,DC=net";;;
"lab.sensus.net/DA/actemp";"OU=actemp,OU=DA,DC=lab,DC=sensus,DC=net";;;
"lab.sensus.net/DA/actemp/SQL Cluster Nodes";"OU=SQL Cluster Nodes,OU=actemp,OU=DA,DC=lab,DC=sensus,DC=net";;;
"lab.sensus.net/DA/actest";"OU=actest,OU=DA,DC=lab,DC=sensus,DC=net";;;
"lab.sensus.net/DA/actest/SQL Cluster Nodes";"OU=SQL Cluster Nodes,OU=actest,OU=DA,DC=lab,DC=sensus,DC=net";;;
"lab.sensus.net/DA/da_infrastructure";"OU=da_infrastructure,OU=DA,DC=lab,DC=sensus,DC=net";;;
"lab.sensus.net/Domain Controllers";"OU=Domain Controllers,DC=lab,DC=sensus,DC=net";;;
"lab.sensus.net/HardwareServers";"OU=HardwareServers,DC=lab,DC=sensus,DC=net";;;
"lab.sensus.net/VirtualServers";"OU=VirtualServers,DC=lab,DC=sensus,DC=net";;;
"na.sensus.net/_GlobalServers/DSServers";"OU=DSServers,OU=_GlobalServers,DC=na,DC=sensus,DC=net";;;
"na.sensus.net/Domain Controllers";"OU=Domain Controllers,DC=na,DC=sensus,DC=net";;;
"na.sensus.net/Servers";"OU=Servers,DC=na,DC=sensus,DC=net";;;
"RD03.CEM/Computers";"CN=Computers,DC=RD03,DC=CEM";;;
"RD03.CEM/Domain Controllers";"OU=Domain Controllers,DC=RD03,DC=CEM";;;
"RD03.CEM/Servers";"OU=Servers,DC=RD03,DC=CEM";;;
"sensus.net/_GlobalServers/DSServers";"OU=DSServers,OU=_GlobalServers,DC=sensus,DC=net";;;
"sensus.net/Computers";"CN=Computers,DC=sensus,DC=net";;;
"sensus.net/Domain Controllers";"OU=Domain Controllers,DC=sensus,DC=net";;;
"sensus.net/Servers";"OU=Servers,DC=sensus,DC=net";;;
"world.fluidtechnology.net/_AccountObjects/AEDXB1/Servers";"OU=Servers,OU=AEDXB1,OU=_AccountObjects,DC=world,DC=fluidtechnology,DC=net";"GMT+4";"AEDXB1";"United Arab Emirates"
"world.fluidtechnology.net/_AccountObjects/ARBUE1/Servers";"OU=Servers,OU=ARBUE1,OU=_AccountObjects,DC=world,DC=fluidtechnology,DC=net";"GMT-3";"ARBUE1";"Argentina"
"world.fluidtechnology.net/_AccountObjects/ATSTC1/Servers";"OU=Servers,OU=ATSTC1,OU=_AccountObjects,DC=world,DC=fluidtechnology,DC=net";"GMT+1";"ATSTC1";"Austria"
"world.fluidtechnology.net/_AccountObjects/AUSYD1/Servers";"OU=Servers,OU=AUSYD1,OU=_AccountObjects,DC=world,DC=fluidtechnology,DC=net";"GMT+10";"AUSYD1";"Australia"
"world.fluidtechnology.net/_AccountObjects/AUSYD2/Servers";"OU=Servers,OU=AUSYD2,OU=_AccountObjects,DC=world,DC=fluidtechnology,DC=net";"GMT+10";"AUSYD2";"Australia"
"world.fluidtechnology.net/_AccountObjects/AZ-USE2/Servers";"OU=Servers,OU=AZ-USE2,OU=_AccountObjects,DC=world,DC=fluidtechnology,DC=net";"GMT-5";"AZ-USE2";"Azerbaijan"
"world.fluidtechnology.net/_AccountObjects/BEZAV1/Servers";"OU=Servers,OU=BEZAV1,OU=_AccountObjects,DC=world,DC=fluidtechnology,DC=net";"GMT+1";"BEZAV1";"Belgium"
"world.fluidtechnology.net/_AccountObjects/BRSAO1/Servers";"OU=Servers,OU=BRSAO1,OU=_AccountObjects,DC=world,DC=fluidtechnology,DC=net";"GMT-3";"BRSAO1";"Brazil"
"world.fluidtechnology.net/_AccountObjects/CACAL3/Servers";"OU=Servers,OU=CACAL3,OU=_AccountObjects,DC=world,DC=fluidtechnology,DC=net";"GMT-7";"CACAL3";"Canada"
"world.fluidtechnology.net/_AccountObjects/CAMTL1/Servers";"OU=Servers,OU=CAMTL1,OU=_AccountObjects,DC=world,DC=fluidtechnology,DC=net";"GMT-5";"CAMTL1";"Canada"
"world.fluidtechnology.net/_AccountObjects/CHSCH1/Servers";"OU=Servers,OU=CHSCH1,OU=_AccountObjects,DC=world,DC=fluidtechnology,DC=net";"GMT+1";"CHSCH1";"Switzerland"
"world.fluidtechnology.net/_AccountObjects/CLSCL1/Servers";"OU=Servers,OU=CLSCL1,OU=_AccountObjects,DC=world,DC=fluidtechnology,DC=net";"GMT-3";"CLSCL1";"Chile"
"world.fluidtechnology.net/_AccountObjects/CNNKG1/Servers";"OU=Servers,OU=CNNKG1,OU=_AccountObjects,DC=world,DC=fluidtechnology,DC=net";"GMT+8";"CNNKG1";"China"
"world.fluidtechnology.net/_AccountObjects/CNSHA1/Servers";"OU=Servers,OU=CNSHA1,OU=_AccountObjects,DC=world,DC=fluidtechnology,DC=net";"GMT+8";"CNSHA1";"China"
"world.fluidtechnology.net/_AccountObjects/CNSHE1/Servers";"OU=Servers,OU=CNSHE1,OU=_AccountObjects,DC=world,DC=fluidtechnology,DC=net";"GMT+8";"CNSHE1";"China"
"world.fluidtechnology.net/_AccountObjects/COBOG1/Servers";"OU=Servers,OU=COBOG1,OU=_AccountObjects,DC=world,DC=fluidtechnology,DC=net";"GMT-3";"COBOG1";"Colombia"
"world.fluidtechnology.net/_AccountObjects/DEBRE1/Servers";"OU=Servers,OU=DEBRE1,OU=_AccountObjects,DC=world,DC=fluidtechnology,DC=net";"GMT+1";"DEBRE1";"Germany"
"world.fluidtechnology.net/_AccountObjects/DEGHI1/Servers";"OU=Servers,OU=DEGHI1,OU=_AccountObjects,DC=world,DC=fluidtechnology,DC=net";"GMT+1";"DEGHI1";"Germany"
"world.fluidtechnology.net/_AccountObjects/DEGUG1/Servers";"OU=Servers,OU=DEGUG1,OU=_AccountObjects,DC=world,DC=fluidtechnology,DC=net";"GMT+1";"DEGUG1";"Germany"
"world.fluidtechnology.net/_AccountObjects/DEHRD1/Servers";"OU=Servers,OU=DEHRD1,OU=_AccountObjects,DC=world,DC=fluidtechnology,DC=net";"GMT+1";"DEHRD1";"Germany"
"world.fluidtechnology.net/_AccountObjects/DEHRD1/Servers/Citrix-XA/Restricted Servers";"OU=Restricted Servers,OU=Citrix-XA,OU=Servers,OU=DEHRD1,OU=_AccountObjects,DC=world,DC=fluidtechnology,DC=net";;;
"world.fluidtechnology.net/_AccountObjects/DEING1/Servers";"OU=Servers,OU=DEING1,OU=_AccountObjects,DC=world,DC=fluidtechnology,DC=net";"GMT+1";"DEING1";"Germany"
"world.fluidtechnology.net/_AccountObjects/DELAZ1/Servers";"OU=Servers,OU=DELAZ1,OU=_AccountObjects,DC=world,DC=fluidtechnology,DC=net";"GMT+1";"DELAZ1";"Germany"
"world.fluidtechnology.net/_AccountObjects/DELHN1/Servers";"OU=Servers,OU=DELHN1,OU=_AccountObjects,DC=world,DC=fluidtechnology,DC=net";"GMT+1";"DELHN1";"Germany"
"world.fluidtechnology.net/_AccountObjects/DELUH1/Servers";"OU=Servers,OU=DELUH1,OU=_AccountObjects,DC=world,DC=fluidtechnology,DC=net";"GMT+1";"DELUH1";"Germany"
"world.fluidtechnology.net/_AccountObjects/DEMAI1/Servers";"OU=Servers,OU=DEMAI1,OU=_AccountObjects,DC=world,DC=fluidtechnology,DC=net";"GMT+1";"DEMAI1";"Germany"
"world.fluidtechnology.net/_AccountObjects/DEPUL1/Servers";"OU=Servers,OU=DEPUL1,OU=_AccountObjects,DC=world,DC=fluidtechnology,DC=net";;"DEPUL1";"Germany"
"world.fluidtechnology.net/_AccountObjects/DEWLH1/Servers";"OU=Servers,OU=DEWLH1,OU=_AccountObjects,DC=world,DC=fluidtechnology,DC=net";"GMT+1";"DEWLH1";"Germany"
"world.fluidtechnology.net/_AccountObjects/DKGLS1/Servers";"OU=Servers,OU=DKGLS1,OU=_AccountObjects,DC=world,DC=fluidtechnology,DC=net";"GMT+1";"DKGLS1";"Denmark"
"world.fluidtechnology.net/_AccountObjects/ESBCN2/Servers";"OU=Servers,OU=ESBCN2,OU=_AccountObjects,DC=world,DC=fluidtechnology,DC=net";"GMT+1";"ESBCN2";"Spain"
"world.fluidtechnology.net/_AccountObjects/ESMAD1/Servers";"OU=Servers,OU=ESMAD1,OU=_AccountObjects,DC=world,DC=fluidtechnology,DC=net";"GMT+1";"ESMAD1";"Spain"
"world.fluidtechnology.net/_AccountObjects/EXAWS1/Servers";"OU=Servers,OU=EXAWS1,OU=_AccountObjects,DC=world,DC=fluidtechnology,DC=net";;"EXAWS1";
"world.fluidtechnology.net/_AccountObjects/FRNAN1/Servers";"OU=Servers,OU=FRNAN1,OU=_AccountObjects,DC=world,DC=fluidtechnology,DC=net";"GMT+1";"FRNAN1";"France"
"world.fluidtechnology.net/_AccountObjects/HUABO1/Servers";"OU=Servers,OU=HUABO1,OU=_AccountObjects,DC=world,DC=fluidtechnology,DC=net";"GMT+1";"HUABO1";"Hungary"
"world.fluidtechnology.net/_AccountObjects/HUBUA1/Servers";"OU=Servers,OU=HUBUA1,OU=_AccountObjects,DC=world,DC=fluidtechnology,DC=net";"GMT+1";"HUBUA1";"Hungary"
"world.fluidtechnology.net/_AccountObjects/HUCEG1/Servers";"OU=Servers,OU=HUCEG1,OU=_AccountObjects,DC=world,DC=fluidtechnology,DC=net";"GMT+1";"HUCEG1";"Hungary"
"world.fluidtechnology.net/_AccountObjects/IEDUB1/Servers";"OU=Servers,OU=IEDUB1,OU=_AccountObjects,DC=world,DC=fluidtechnology,DC=net";"GMT";"IEDUB1";"Ireland"
"world.fluidtechnology.net/_AccountObjects/INBDQ1/Servers";"OU=Servers,OU=INBDQ1,OU=_AccountObjects,DC=world,DC=fluidtechnology,DC=net";"GMT+5.5";"INBDQ1";"India"
"world.fluidtechnology.net/_AccountObjects/INBDQ2/Servers";"OU=Servers,OU=INBDQ2,OU=_AccountObjects,DC=world,DC=fluidtechnology,DC=net";"GMT+5.5";"INBDQ2";"India"
"world.fluidtechnology.net/_AccountObjects/INBLR1/Servers";"OU=Servers,OU=INBLR1,OU=_AccountObjects,DC=world,DC=fluidtechnology,DC=net";"GMT+5.5";"INBLR1";"India"
"world.fluidtechnology.net/_AccountObjects/INMKK1/Servers";"OU=Servers,OU=INMKK1,OU=_AccountObjects,DC=world,DC=fluidtechnology,DC=net";"GMT+5.5";"INMKK1";"India"
"world.fluidtechnology.net/_AccountObjects/ITCNW1/Servers";"OU=Servers,OU=ITCNW1,OU=_AccountObjects,DC=world,DC=fluidtechnology,DC=net";"GMT+1";"ITCNW1";"Italy"
"world.fluidtechnology.net/_AccountObjects/ITMMG1/Servers";"OU=Servers,OU=ITMMG1,OU=_AccountObjects,DC=world,DC=fluidtechnology,DC=net";"GMT+1";"ITMMG1";"Italy"
"world.fluidtechnology.net/_AccountObjects/MXCUU1/Servers";"OU=Servers,OU=MXCUU1,OU=_AccountObjects,DC=world,DC=fluidtechnology,DC=net";"GMT-6";"MXCUU1";"Mexico"
"world.fluidtechnology.net/_AccountObjects/MXCUU2/Servers";"OU=Servers,OU=MXCUU2,OU=_AccountObjects,DC=world,DC=fluidtechnology,DC=net";"GMT-6";"MXCUU2";"Mexico"
"world.fluidtechnology.net/_AccountObjects/MXQRO1/Servers";"OU=Servers,OU=MXQRO1,OU=_AccountObjects,DC=world,DC=fluidtechnology,DC=net";"GMT-6";"MXQRO1";"Mexico"
"world.fluidtechnology.net/_AccountObjects/NLDOR1/Servers";"OU=Servers,OU=NLDOR1,OU=_AccountObjects,DC=world,DC=fluidtechnology,DC=net";"GMT+1";"NLDOR1";"Netherlands"
"world.fluidtechnology.net/_AccountObjects/NOBGO1/Servers";"OU=Servers,OU=NOBGO1,OU=_AccountObjects,DC=world,DC=fluidtechnology,DC=net";"GMT+1";"NOBGO1";"Norway"
"world.fluidtechnology.net/_AccountObjects/NOOSL1/Servers";"OU=Servers,OU=NOOSL1,OU=_AccountObjects,DC=world,DC=fluidtechnology,DC=net";"GMT+1";"NOOSL1";"Norway"
"world.fluidtechnology.net/_AccountObjects/PECLL1/Servers";"OU=Servers,OU=PECLL1,OU=_AccountObjects,DC=world,DC=fluidtechnology,DC=net";"GMT-5";"PECLL1";"Peru"
"world.fluidtechnology.net/_AccountObjects/PLSTZ1/Servers";"OU=Servers,OU=PLSTZ1,OU=_AccountObjects,DC=world,DC=fluidtechnology,DC=net";"GMT+1";"PLSTZ1";"Poland"
"world.fluidtechnology.net/_AccountObjects/PLWAW1/Servers";"OU=Servers,OU=PLWAW1,OU=_AccountObjects,DC=world,DC=fluidtechnology,DC=net";"GMT+1";"PLWAW1";"Poland"
"world.fluidtechnology.net/_AccountObjects/RUMOW1/Servers";"OU=Servers,OU=RUMOW1,OU=_AccountObjects,DC=world,DC=fluidtechnology,DC=net";"GMT+3";"RUMOW1";"Russia"
"world.fluidtechnology.net/_AccountObjects/SEEMM1/Servers";"OU=Servers,OU=SEEMM1,OU=_AccountObjects,DC=world,DC=fluidtechnology,DC=net";"GMT+1";"SEEMM1";"Sweden"
"world.fluidtechnology.net/_AccountObjects/SEEMM1/Servers/Citrix Servers";"OU=Citrix Servers,OU=Servers,OU=SEEMM1,OU=_AccountObjects,DC=world,DC=fluidtechnology,DC=net";;;
"world.fluidtechnology.net/_AccountObjects/SESTO1/Servers";"OU=Servers,OU=SESTO1,OU=_AccountObjects,DC=world,DC=fluidtechnology,DC=net";"GMT+1";"SESTO1";"Sweden"
"world.fluidtechnology.net/_AccountObjects/SGSIN2/Servers";"OU=Servers,OU=SGSIN2,OU=_AccountObjects,DC=world,DC=fluidtechnology,DC=net";"GMT+8";"SGSIN2";"Singapore"
"world.fluidtechnology.net/_AccountObjects/SKSTA1/Servers";"OU=Servers,OU=SKSTA1,OU=_AccountObjects,DC=world,DC=fluidtechnology,DC=net";"GMT+1";"SKSTA1";"Slovakia"
"world.fluidtechnology.net/_AccountObjects/TRDLV1/Servers";"OU=Servers,OU=TRDLV1,OU=_AccountObjects,DC=world,DC=fluidtechnology,DC=net";;"TRDLV1";"Turkey"
"world.fluidtechnology.net/_AccountObjects/UKAXM1/Servers";"OU=Servers,OU=UKAXM1,OU=_AccountObjects,DC=world,DC=fluidtechnology,DC=net";"GMT";"UKAXM1";"United Kingdom"
"world.fluidtechnology.net/_AccountObjects/UKBAS2/Servers";"OU=Servers,OU=UKBAS2,OU=_AccountObjects,DC=world,DC=fluidtechnology,DC=net";"GMT";"UKBAS2";"United Kingdom"
"world.fluidtechnology.net/_AccountObjects/UKCMG1/Servers";"OU=Servers,OU=UKCMG1,OU=_AccountObjects,DC=world,DC=fluidtechnology,DC=net";"GMT";"UKCMG1";"United Kingdom"
"world.fluidtechnology.net/_AccountObjects/UKGLC1/Servers";"OU=Servers,OU=UKGLC1,OU=_AccountObjects,DC=world,DC=fluidtechnology,DC=net";"GMT";"UKGLC1";"United Kingdom"
"world.fluidtechnology.net/_AccountObjects/UKHON1/Servers";"OU=Servers,OU=UKHON1,OU=_AccountObjects,DC=world,DC=fluidtechnology,DC=net";"GMT";"UKHON1";"United Kingdom"
"world.fluidtechnology.net/_AccountObjects/UKNTG1/Servers";"OU=Servers,OU=UKNTG1,OU=_AccountObjects,DC=world,DC=fluidtechnology,DC=net";"GMT";"UKNTG1";"United Kingdom"
"world.fluidtechnology.net/_AccountObjects/UKRUG1/Servers";"OU=Servers,OU=UKRUG1,OU=_AccountObjects,DC=world,DC=fluidtechnology,DC=net";"GMT";"UKRUG1";"United Kingdom"
"world.fluidtechnology.net/_AccountObjects/UKSIG1/Servers";"OU=Servers,OU=UKSIG1,OU=_AccountObjects,DC=world,DC=fluidtechnology,DC=net";"GMT";"UKSIG1";"United Kingdom"
"world.fluidtechnology.net/_AccountObjects/UKTUW1/Servers";"OU=Servers,OU=UKTUW1,OU=_AccountObjects,DC=world,DC=fluidtechnology,DC=net";"GMT";"UKTUW1";"United Kingdom"
"world.fluidtechnology.net/_AccountObjects/USAKM1/Servers";"OU=Servers,OU=USAKM1,OU=_AccountObjects,DC=world,DC=fluidtechnology,DC=net";"GMT-6";"USAKM1";"United States"
"world.fluidtechnology.net/_AccountObjects/USAUB1/Servers";"OU=Servers,OU=USAUB1,OU=_AccountObjects,DC=world,DC=fluidtechnology,DC=net";"GMT-5";"USAUB1";"United States"
"world.fluidtechnology.net/_AccountObjects/USBOI1/Servers";"OU=Servers,OU=USBOI1,OU=_AccountObjects,DC=world,DC=fluidtechnology,DC=net";"GMT-7";"USBOI1";"United States"
"world.fluidtechnology.net/_AccountObjects/USBPG1/Servers";"OU=Servers,OU=USBPG1,OU=_AccountObjects,DC=world,DC=fluidtechnology,DC=net";"GMT-5";"USBPG1";"United States"
"world.fluidtechnology.net/_AccountObjects/USBRD1/Servers";"OU=Servers,OU=USBRD1,OU=_AccountObjects,DC=world,DC=fluidtechnology,DC=net";"GMT-6";"USBRD1";"United States"
"world.fluidtechnology.net/_AccountObjects/USCKT1/Servers";"OU=Servers,OU=USCKT1,OU=_AccountObjects,DC=world,DC=fluidtechnology,DC=net";"GMT-5";"USCKT1";"United States"
"world.fluidtechnology.net/_AccountObjects/USCLS1/Servers";"OU=Servers,OU=USCLS1,OU=_AccountObjects,DC=world,DC=fluidtechnology,DC=net";"GMT-6";"USCLS1";"United States"
"world.fluidtechnology.net/_AccountObjects/USCLT1/Servers";"OU=Servers,OU=USCLT1,OU=_AccountObjects,DC=world,DC=fluidtechnology,DC=net";"GMT-5";"USCLT1";"United States"
"world.fluidtechnology.net/_AccountObjects/USCOS1/Servers";"OU=Servers,OU=USCOS1,OU=_AccountObjects,DC=world,DC=fluidtechnology,DC=net";"Gmt-7";"USCOS1";"United States"
"world.fluidtechnology.net/_AccountObjects/USCWT1/Servers";"OU=Servers,OU=USCWT1,OU=_AccountObjects,DC=world,DC=fluidtechnology,DC=net";"GMT-6";"USCWT1";"United States"
"world.fluidtechnology.net/_AccountObjects/USDUJ1/Servers";"OU=Servers,OU=USDUJ1,OU=_AccountObjects,DC=world,DC=fluidtechnology,DC=net";"GMT-5";"USDUJ1";"United States"
"world.fluidtechnology.net/_AccountObjects/USEVI1/Servers";"OU=Servers,OU=USEVI1,OU=_AccountObjects,DC=world,DC=fluidtechnology,DC=net";"GMT-8";"USEVI1";"United States"
"world.fluidtechnology.net/_AccountObjects/USFHR1/Servers";"OU=Servers,OU=USFHR1,OU=_AccountObjects,DC=world,DC=fluidtechnology,DC=net";"GMT-8";"USFHR1";"United States"
"world.fluidtechnology.net/_AccountObjects/USFRS1/Servers";"OU=Servers,OU=USFRS1,OU=_AccountObjects,DC=world,DC=fluidtechnology,DC=net";"GMT-8";"USFRS1";"United States"
"world.fluidtechnology.net/_AccountObjects/USHLM1/Servers";"OU=Servers,OU=USHLM1,OU=_AccountObjects,DC=world,DC=fluidtechnology,DC=net";"GMT-5";"USHLM1";"United States"
"world.fluidtechnology.net/_AccountObjects/USIND1/Servers";"OU=Servers,OU=USIND1,OU=_AccountObjects,DC=world,DC=fluidtechnology,DC=net";"GMT-5";"USIND1";"United States"
"world.fluidtechnology.net/_AccountObjects/USLBB1/Servers";"OU=Servers,OU=USLBB1,OU=_AccountObjects,DC=world,DC=fluidtechnology,DC=net";"GMT-6";"USLBB1";"United States"
"world.fluidtechnology.net/_AccountObjects/USMGV1/Servers";"OU=Servers,OU=USMGV1,OU=_AccountObjects,DC=world,DC=fluidtechnology,DC=net";"GMT-6";"USMGV1";"United States"
"world.fluidtechnology.net/_AccountObjects/USMGV1/Servers/Cluster";"OU=Cluster,OU=Servers,OU=USMGV1,OU=_AccountObjects,DC=world,DC=fluidtechnology,DC=net";;;
"world.fluidtechnology.net/_AccountObjects/USMRQ1/Servers";"OU=Servers,OU=USMRQ1,OU=_AccountObjects,DC=world,DC=fluidtechnology,DC=net";"GMT-5";"USMRQ1";"United States"
"world.fluidtechnology.net/_AccountObjects/USPEW1/Servers";"OU=Servers,OU=USPEW1,OU=_AccountObjects,DC=world,DC=fluidtechnology,DC=net";"GMT-6";"USPEW1";"United States"
"world.fluidtechnology.net/_AccountObjects/USQHO1/Servers";"OU=Servers,OU=USQHO1,OU=_AccountObjects,DC=world,DC=fluidtechnology,DC=net";;"USQHO1";"United States"
"world.fluidtechnology.net/_AccountObjects/USRRK1/Servers";"OU=Servers,OU=USRRK1,OU=_AccountObjects,DC=world,DC=fluidtechnology,DC=net";"GMT-5";"USRRK1";"United States"
"world.fluidtechnology.net/_AccountObjects/USSAN1/Servers";"OU=Servers,OU=USSAN1,OU=_AccountObjects,DC=world,DC=fluidtechnology,DC=net";"GMT-8";"USSAN1";"United States"
"world.fluidtechnology.net/_AccountObjects/USSFS1/Servers";"OU=Servers,OU=USSFS1,OU=_AccountObjects,DC=world,DC=fluidtechnology,DC=net";"GMT-5";"USSFS1";"United States"
"world.fluidtechnology.net/_AccountObjects/USSGV1/Servers";"OU=Servers,OU=USSGV1,OU=_AccountObjects,DC=world,DC=fluidtechnology,DC=net";"GMT-5";"USSGV1";"United States"
"world.fluidtechnology.net/_AccountObjects/USSVQ1/Servers";"OU=Servers,OU=USSVQ1,OU=_AccountObjects,DC=world,DC=fluidtechnology,DC=net";"GMT-6";"USSVQ1";"United States"
"world.fluidtechnology.net/_AccountObjects/USTNL1/Servers";"OU=Servers,OU=USTNL1,OU=_AccountObjects,DC=world,DC=fluidtechnology,DC=net";"GMT-6";"USTNL1";"United States"
"world.fluidtechnology.net/_AccountObjects/USTVI1/Servers";"OU=Servers,OU=USTVI1,OU=_AccountObjects,DC=world,DC=fluidtechnology,DC=net";"GMT-5";"USTVI1";"United States"
"world.fluidtechnology.net/_AccountObjects/USTXK1/Servers";"OU=Servers,OU=USTXK1,OU=_AccountObjects,DC=world,DC=fluidtechnology,DC=net";"GMT-6";"USTXK1";"United States"
"world.fluidtechnology.net/_AccountObjects/USUTN1/Servers";"OU=Servers,OU=USUTN1,OU=_AccountObjects,DC=world,DC=fluidtechnology,DC=net";"GMT-5";"USUTN1";"United States"
"world.fluidtechnology.net/_AccountObjects/USXZM1/Servers";"OU=Servers,OU=USXZM1,OU=_AccountObjects,DC=world,DC=fluidtechnology,DC=net";"GMT-5";"USXZM1";"United States"
"world.fluidtechnology.net/_AccountObjects/USYSO1/Servers";"OU=Servers,OU=USYSO1,OU=_AccountObjects,DC=world,DC=fluidtechnology,DC=net";"GMT-5";"USYSO1";"United States"
"world.fluidtechnology.net/_AccountObjects/USZEL1/Servers";"OU=Servers,OU=USZEL1,OU=_AccountObjects,DC=world,DC=fluidtechnology,DC=net";"GMT-5";"USZEL1";"United States"
"world.fluidtechnology.net/_AccountObjects/UYMVD1/Servers";"OU=Servers,OU=UYMVD1,OU=_AccountObjects,DC=world,DC=fluidtechnology,DC=net";"GMT-3";"UYMVD1";"Uruguay"
"world.fluidtechnology.net/_AccountObjects/ZAJNB1/Servers";"OU=Servers,OU=ZAJNB1,OU=_AccountObjects,DC=world,DC=fluidtechnology,DC=net";"GMT+2";"ZAJNB1";"South Africa"
"world.fluidtechnology.net/_ApplicationObjects/BTS/Servers";"OU=Servers,OU=BTS,OU=_ApplicationObjects,DC=world,DC=fluidtechnology,DC=net";;"BTS";
"world.fluidtechnology.net/_ApplicationObjects/UCCE/UCCE_Servers";"OU=UCCE_Servers,OU=UCCE,OU=_ApplicationObjects,DC=world,DC=fluidtechnology,DC=net";;;
"world.fluidtechnology.net/_GlobalServers/CitrixServers/ATSTC1/CitrixCloud/2022";"OU=2022,OU=CitrixCloud,OU=ATSTC1,OU=CitrixServers,OU=_GlobalServers,DC=world,DC=fluidtechnology,DC=net";;;
"world.fluidtechnology.net/_GlobalServers/CitrixServers/AUSYD1/Citrix_Infrastructure";"OU=Citrix_Infrastructure,OU=AUSYD1,OU=CitrixServers,OU=_GlobalServers,DC=world,DC=fluidtechnology,DC=net";;;
"world.fluidtechnology.net/_GlobalServers/CitrixServers/AUSYD1/Xen715/Application";"OU=Application,OU=Xen715,OU=AUSYD1,OU=CitrixServers,OU=_GlobalServers,DC=world,DC=fluidtechnology,DC=net";;;
"world.fluidtechnology.net/_GlobalServers/CitrixServers/AUSYD1/Xen715/Application/Test";"OU=Test,OU=Application,OU=Xen715,OU=AUSYD1,OU=CitrixServers,OU=_GlobalServers,DC=world,DC=fluidtechnology,DC=net";;;
"world.fluidtechnology.net/_GlobalServers/CitrixServers/AUSYD2/Citrix Cloud/Xenapp";"OU=Xenapp,OU=Citrix Cloud,OU=AUSYD2,OU=CitrixServers,OU=_GlobalServers,DC=world,DC=fluidtechnology,DC=net";;;
"world.fluidtechnology.net/_GlobalServers/CitrixServers/AUSYD2/Citrix_Infrastructure";"OU=Citrix_Infrastructure,OU=AUSYD2,OU=CitrixServers,OU=_GlobalServers,DC=world,DC=fluidtechnology,DC=net";;;
"world.fluidtechnology.net/_GlobalServers/CitrixServers/CACAL3/Citrix Cloud/2019/Base-Apps";"OU=Base-Apps,OU=2019,OU=Citrix Cloud,OU=CACAL3,OU=CitrixServers,OU=_GlobalServers,DC=world,DC=fluidtechnology,DC=net";;;
"world.fluidtechnology.net/_GlobalServers/CitrixServers/CACAL3/Citrix Cloud/2019/DynamicsAX";"OU=DynamicsAX,OU=2019,OU=Citrix Cloud,OU=CACAL3,OU=CitrixServers,OU=_GlobalServers,DC=world,DC=fluidtechnology,DC=net";;;
"world.fluidtechnology.net/_GlobalServers/CitrixServers/CACAL3/Citrix Cloud/2019/Pure-Apps";"OU=Pure-Apps,OU=2019,OU=Citrix Cloud,OU=CACAL3,OU=CitrixServers,OU=_GlobalServers,DC=world,DC=fluidtechnology,DC=net";;;
"world.fluidtechnology.net/_GlobalServers/CitrixServers/CNSHA1/Citrix Cloud/Xenapp";"OU=Xenapp,OU=Citrix Cloud,OU=CNSHA1,OU=CitrixServers,OU=_GlobalServers,DC=world,DC=fluidtechnology,DC=net";;;
"world.fluidtechnology.net/_GlobalServers/CitrixServers/CNSHA1/Citrix_Infrastructure";"OU=Citrix_Infrastructure,OU=CNSHA1,OU=CitrixServers,OU=_GlobalServers,DC=world,DC=fluidtechnology,DC=net";;;
"world.fluidtechnology.net/_GlobalServers/CitrixServers/DEHRD1/CitrixCloud/2022";"OU=2022,OU=CitrixCloud,OU=DEHRD1,OU=CitrixServers,OU=_GlobalServers,DC=world,DC=fluidtechnology,DC=net";;;
"world.fluidtechnology.net/_GlobalServers/CitrixServers/DEWLH1/CitrixCloud/2022";"OU=2022,OU=CitrixCloud,OU=DEWLH1,OU=CitrixServers,OU=_GlobalServers,DC=world,DC=fluidtechnology,DC=net";;;
"world.fluidtechnology.net/_GlobalServers/CitrixServers/DKGLS1/CitrixCloud/2022";"OU=2022,OU=CitrixCloud,OU=DKGLS1,OU=CitrixServers,OU=_GlobalServers,DC=world,DC=fluidtechnology,DC=net";;;
"world.fluidtechnology.net/_GlobalServers/CitrixServers/ITMMG1/Citrix";"OU=Citrix,OU=ITMMG1,OU=CitrixServers,OU=_GlobalServers,DC=world,DC=fluidtechnology,DC=net";;;
"world.fluidtechnology.net/_GlobalServers/CitrixServers/ITMMG1/CitrixCloud/2022";"OU=2022,OU=CitrixCloud,OU=ITMMG1,OU=CitrixServers,OU=_GlobalServers,DC=world,DC=fluidtechnology,DC=net";;;
"world.fluidtechnology.net/_GlobalServers/CitrixServers/NOBGO1/CitrixCloud/2022";"OU=2022,OU=CitrixCloud,OU=NOBGO1,OU=CitrixServers,OU=_GlobalServers,DC=world,DC=fluidtechnology,DC=net";;;
"world.fluidtechnology.net/_GlobalServers/CitrixServers/SEEMM1/CitrixCloud/External";"OU=External,OU=CitrixCloud,OU=SEEMM1,OU=CitrixServers,OU=_GlobalServers,DC=world,DC=fluidtechnology,DC=net";;;
"world.fluidtechnology.net/_GlobalServers/CitrixServers/SEEMM1/CitrixCloud/Internal/2012";"OU=2012,OU=Internal,OU=CitrixCloud,OU=SEEMM1,OU=CitrixServers,OU=_GlobalServers,DC=world,DC=fluidtechnology,DC=net";;;
"world.fluidtechnology.net/_GlobalServers/CitrixServers/SEEMM1/CitrixCloud/Internal/2019";"OU=2019,OU=Internal,OU=CitrixCloud,OU=SEEMM1,OU=CitrixServers,OU=_GlobalServers,DC=world,DC=fluidtechnology,DC=net";;;
"world.fluidtechnology.net/_GlobalServers/CitrixServers/SEEMM1/CitrixCloud/Internal/2022";"OU=2022,OU=Internal,OU=CitrixCloud,OU=SEEMM1,OU=CitrixServers,OU=_GlobalServers,DC=world,DC=fluidtechnology,DC=net";;;
"world.fluidtechnology.net/_GlobalServers/CitrixServers/SEEMM1/CitrixCloud/Internal/2022/iScala 2023 - 1";"OU=iScala 2023 - 1,OU=2022,OU=Internal,OU=CitrixCloud,OU=SEEMM1,OU=CitrixServers,OU=_GlobalServers,DC=world,DC=fluidtechnology,DC=net";;;
"world.fluidtechnology.net/_GlobalServers/CitrixServers/SEEMM1/CitrixCloud/Internal/2022/iScala 2024 - 1";"OU=iScala 2024 - 1,OU=2022,OU=Internal,OU=CitrixCloud,OU=SEEMM1,OU=CitrixServers,OU=_GlobalServers,DC=world,DC=fluidtechnology,DC=net";;;
"world.fluidtechnology.net/_GlobalServers/CitrixServers/SEEMM1/CitrixCloud/Internal/2022/iScala 2024 - 2";"OU=iScala 2024 - 2,OU=2022,OU=Internal,OU=CitrixCloud,OU=SEEMM1,OU=CitrixServers,OU=_GlobalServers,DC=world,DC=fluidtechnology,DC=net";;;
"world.fluidtechnology.net/_GlobalServers/CitrixServers/SEEMM1/CitrixCloud/Internal/2022/Quote";"OU=Quote,OU=2022,OU=Internal,OU=CitrixCloud,OU=SEEMM1,OU=CitrixServers,OU=_GlobalServers,DC=world,DC=fluidtechnology,DC=net";;;
"world.fluidtechnology.net/_GlobalServers/CitrixServers/SEEMM1/CitrixCloud/Internal/SharedDesktops";"OU=SharedDesktops,OU=Internal,OU=CitrixCloud,OU=SEEMM1,OU=CitrixServers,OU=_GlobalServers,DC=world,DC=fluidtechnology,DC=net";;;
"world.fluidtechnology.net/_GlobalServers/CitrixServers/SEEMM1/CitrixCloud/Internal/Test-OU";"OU=Test-OU,OU=Internal,OU=CitrixCloud,OU=SEEMM1,OU=CitrixServers,OU=_GlobalServers,DC=world,DC=fluidtechnology,DC=net";;;
"world.fluidtechnology.net/_GlobalServers/CitrixServers/SEEMM1/CitrixCloud/Internal/Win10";"OU=Win10,OU=Internal,OU=CitrixCloud,OU=SEEMM1,OU=CitrixServers,OU=_GlobalServers,DC=world,DC=fluidtechnology,DC=net";;;
"world.fluidtechnology.net/_GlobalServers/CitrixServers/SEEMM1/CitrixCloud/Internal/Win10vGPU";"OU=Win10vGPU,OU=Internal,OU=CitrixCloud,OU=SEEMM1,OU=CitrixServers,OU=_GlobalServers,DC=world,DC=fluidtechnology,DC=net";;;
"world.fluidtechnology.net/_GlobalServers/CitrixServers/SEEMM1/XA/Prod";"OU=Prod,OU=XA,OU=SEEMM1,OU=CitrixServers,OU=_GlobalServers,DC=world,DC=fluidtechnology,DC=net";;;
"world.fluidtechnology.net/_GlobalServers/CitrixServers/SEEMM1/XA/Prod/2012R2";"OU=2012R2,OU=Prod,OU=XA,OU=SEEMM1,OU=CitrixServers,OU=_GlobalServers,DC=world,DC=fluidtechnology,DC=net";;;
"world.fluidtechnology.net/_GlobalServers/CitrixServers/SEEMM1/XA/Prod/FixedRegionalSettings";"OU=FixedRegionalSettings,OU=Prod,OU=XA,OU=SEEMM1,OU=CitrixServers,OU=_GlobalServers,DC=world,DC=fluidtechnology,DC=net";;;
"world.fluidtechnology.net/_GlobalServers/CitrixServers/UKAXM1/CitrixCloud/2022";"OU=2022,OU=CitrixCloud,OU=UKAXM1,OU=CitrixServers,OU=_GlobalServers,DC=world,DC=fluidtechnology,DC=net";;;
"world.fluidtechnology.net/_GlobalServers/CitrixServers/USSGV1";"OU=USSGV1,OU=CitrixServers,OU=_GlobalServers,DC=world,DC=fluidtechnology,DC=net";;;
"world.fluidtechnology.net/_GlobalServers/DSServers";"OU=DSServers,OU=_GlobalServers,DC=world,DC=fluidtechnology,DC=net";;;
"world.fluidtechnology.net/_GlobalServers/DSServers/ActiveRoles";"OU=ActiveRoles,OU=DSServers,OU=_GlobalServers,DC=world,DC=fluidtechnology,DC=net";;;
"world.fluidtechnology.net/_GlobalServers/DSServers/CyberArkPAS";"OU=CyberArkPAS,OU=DSServers,OU=_GlobalServers,DC=world,DC=fluidtechnology,DC=net";;;
"world.fluidtechnology.net/_GlobalServers/DSServers/CyberArkPAS/CPMServers_v12";"OU=CPMServers_v12,OU=CyberArkPAS,OU=DSServers,OU=_GlobalServers,DC=world,DC=fluidtechnology,DC=net";;;
"world.fluidtechnology.net/_GlobalServers/DSServers/CyberArkPAS/CyberArkPAS_Test/PSMTestServers";"OU=PSMTestServers,OU=CyberArkPAS_Test,OU=CyberArkPAS,OU=DSServers,OU=_GlobalServers,DC=world,DC=fluidtechnology,DC=net";;;
"world.fluidtechnology.net/_GlobalServers/DSServers/CyberArkPAS/CyberArkPAS_Test/PVWA_CPMTestServers";"OU=PVWA_CPMTestServers,OU=CyberArkPAS_Test,OU=CyberArkPAS,OU=DSServers,OU=_GlobalServers,DC=world,DC=fluidtechnology,DC=net";;;
"world.fluidtechnology.net/_GlobalServers/DSServers/CyberArkPAS/PSMServers_v12";"OU=PSMServers_v12,OU=CyberArkPAS,OU=DSServers,OU=_GlobalServers,DC=world,DC=fluidtechnology,DC=net";;;
"world.fluidtechnology.net/_GlobalServers/DSServers/CyberArkPAS/PVWAServers_v12";"OU=PVWAServers_v12,OU=CyberArkPAS,OU=DSServers,OU=_GlobalServers,DC=world,DC=fluidtechnology,DC=net";;;
"world.fluidtechnology.net/_GlobalServers/DSServers/Jump";"OU=Jump,OU=DSServers,OU=_GlobalServers,DC=world,DC=fluidtechnology,DC=net";;;
"world.fluidtechnology.net/_GlobalServers/DSServers/OIM";"OU=OIM,OU=DSServers,OU=_GlobalServers,DC=world,DC=fluidtechnology,DC=net";;;
"world.fluidtechnology.net/_GlobalServers/DSServers/PingFederate";"OU=PingFederate,OU=DSServers,OU=_GlobalServers,DC=world,DC=fluidtechnology,DC=net";;;
"world.fluidtechnology.net/_GlobalServers/DSServers/Quest ODM";"OU=Quest ODM,OU=DSServers,OU=_GlobalServers,DC=world,DC=fluidtechnology,DC=net";;;
"world.fluidtechnology.net/_GlobalServers/ExchangeServers/Exchange2013";"OU=Exchange2013,OU=ExchangeServers,OU=_GlobalServers,DC=world,DC=fluidtechnology,DC=net";;;
"world.fluidtechnology.net/_GlobalServers/ExchangeServers/Exchange2019";"OU=Exchange2019,OU=ExchangeServers,OU=_GlobalServers,DC=world,DC=fluidtechnology,DC=net";;;
"world.fluidtechnology.net/_GlobalServers/OtherServers";"OU=OtherServers,OU=_GlobalServers,DC=world,DC=fluidtechnology,DC=net";;;
"world.fluidtechnology.net/_GlobalServers/UIPathServers";"OU=UIPathServers,OU=_GlobalServers,DC=world,DC=fluidtechnology,DC=net";;;
"world.fluidtechnology.net/Domain Controllers";"OU=Domain Controllers,DC=world,DC=fluidtechnology,DC=net";;;
"world.fluidtechnology.net/UndefinedComputers";"OU=UndefinedComputers,DC=world,DC=fluidtechnology,DC=net";;;
"WT001.NET/Azure/Development/Servers";"OU=Servers,OU=Development,OU=Azure,DC=WT001,DC=NET";;"Development";
"WT001.NET/Azure/Production/Servers";"OU=Servers,OU=Production,OU=Azure,DC=WT001,DC=NET";;"Production";
"WT001.NET/Azure/QA/Servers";"OU=Servers,OU=QA,OU=Azure,DC=WT001,DC=NET";;"QA";
"WT001.NET/Computers";"CN=Computers,DC=WT001,DC=NET";;;
"WT001.NET/CriticalApplications/Admin";"OU=Admin,OU=CriticalApplications,DC=WT001,DC=NET";;;
"WT001.NET/CriticalApplications/OneStream/Servers";"OU=Servers,OU=OneStream,OU=CriticalApplications,DC=WT001,DC=NET";;"OneStream";
"WT001.NET/DataCenter/_DisabledServers/Pending-Scrub-Review";"OU=Pending-Scrub-Review,OU=_DisabledServers,OU=DataCenter,DC=WT001,DC=NET";;;
"WT001.NET/DataCenter/CoreDataCenter/Development/Servers";"OU=Servers,OU=Development,OU=CoreDataCenter,OU=DataCenter,DC=WT001,DC=NET";;"Development";
"WT001.NET/DataCenter/CoreDataCenter/Development/Servers/OneSteam";"OU=OneSteam,OU=Servers,OU=Development,OU=CoreDataCenter,OU=DataCenter,DC=WT001,DC=NET";;;
"WT001.NET/DataCenter/CoreDataCenter/Development/Servers/SAP";"OU=SAP,OU=Servers,OU=Development,OU=CoreDataCenter,OU=DataCenter,DC=WT001,DC=NET";;;
"WT001.NET/DataCenter/CoreDataCenter/Development/Servers/Test_WDATP";"OU=Test_WDATP,OU=Servers,OU=Development,OU=CoreDataCenter,OU=DataCenter,DC=WT001,DC=NET";;;
"WT001.NET/DataCenter/CoreDataCenter/Development/Servers/WinShuttle Evolve";"OU=WinShuttle Evolve,OU=Servers,OU=Development,OU=CoreDataCenter,OU=DataCenter,DC=WT001,DC=NET";;;
"WT001.NET/DataCenter/CoreDataCenter/Production";"OU=Production,OU=CoreDataCenter,OU=DataCenter,DC=WT001,DC=NET";;;
"WT001.NET/DataCenter/CoreDataCenter/Production/ActiveDirectory/Servers";"OU=Servers,OU=ActiveDirectory,OU=Production,OU=CoreDataCenter,OU=DataCenter,DC=WT001,DC=NET";;"ActiveDirectory";
"WT001.NET/DataCenter/CoreDataCenter/Production/AzureSiteRecovery";"OU=AzureSiteRecovery,OU=Production,OU=CoreDataCenter,OU=DataCenter,DC=WT001,DC=NET";;;
"WT001.NET/DataCenter/CoreDataCenter/Production/Bartender";"OU=Bartender,OU=Production,OU=CoreDataCenter,OU=DataCenter,DC=WT001,DC=NET";;;
"WT001.NET/DataCenter/CoreDataCenter/Production/Celonis";"OU=Celonis,OU=Production,OU=CoreDataCenter,OU=DataCenter,DC=WT001,DC=NET";;;
"WT001.NET/DataCenter/CoreDataCenter/Production/DCApp/Servers";"OU=Servers,OU=DCApp,OU=Production,OU=CoreDataCenter,OU=DataCenter,DC=WT001,DC=NET";;"DCApp";
"WT001.NET/DataCenter/CoreDataCenter/Production/DFS/Servers";"OU=Servers,OU=DFS,OU=Production,OU=CoreDataCenter,OU=DataCenter,DC=WT001,DC=NET";;"DFS";
"WT001.NET/DataCenter/CoreDataCenter/Production/DHCP";"OU=DHCP,OU=Production,OU=CoreDataCenter,OU=DataCenter,DC=WT001,DC=NET";;;
"WT001.NET/DataCenter/CoreDataCenter/Production/DuoAuthenticationProxy/Servers";"OU=Servers,OU=DuoAuthenticationProxy,OU=Production,OU=CoreDataCenter,OU=DataCenter,DC=WT001,DC=NET";;"DuoAuthenticationProxy";
"WT001.NET/DataCenter/CoreDataCenter/Production/EnableNow";"OU=EnableNow,OU=Production,OU=CoreDataCenter,OU=DataCenter,DC=WT001,DC=NET";;;
"WT001.NET/DataCenter/CoreDataCenter/Production/Engineering";"OU=Engineering,OU=Production,OU=CoreDataCenter,OU=DataCenter,DC=WT001,DC=NET";;;
"WT001.NET/DataCenter/CoreDataCenter/Production/Enviroware/Servers";"OU=Servers,OU=Enviroware,OU=Production,OU=CoreDataCenter,OU=DataCenter,DC=WT001,DC=NET";;"Enviroware";
"WT001.NET/DataCenter/CoreDataCenter/Production/FS/Servers";"OU=Servers,OU=FS,OU=Production,OU=CoreDataCenter,OU=DataCenter,DC=WT001,DC=NET";;"FS";
"WT001.NET/DataCenter/CoreDataCenter/Production/LABCOA/Servers";"OU=Servers,OU=LABCOA,OU=Production,OU=CoreDataCenter,OU=DataCenter,DC=WT001,DC=NET";;"LABCOA";
"WT001.NET/DataCenter/CoreDataCenter/Production/LabWare";"OU=LabWare,OU=Production,OU=CoreDataCenter,OU=DataCenter,DC=WT001,DC=NET";;;
"WT001.NET/DataCenter/CoreDataCenter/Production/LicenseServices/Servers";"OU=Servers,OU=LicenseServices,OU=Production,OU=CoreDataCenter,OU=DataCenter,DC=WT001,DC=NET";;"LicenseServices";
"WT001.NET/DataCenter/CoreDataCenter/Production/mCompanion/Servers";"OU=Servers,OU=mCompanion,OU=Production,OU=CoreDataCenter,OU=DataCenter,DC=WT001,DC=NET";;"mCompanion";
"WT001.NET/DataCenter/CoreDataCenter/Production/MiscApps/Servers";"OU=Servers,OU=MiscApps,OU=Production,OU=CoreDataCenter,OU=DataCenter,DC=WT001,DC=NET";;"MiscApps";
"WT001.NET/DataCenter/CoreDataCenter/Production/NeptuneBenson/Servers";"OU=Servers,OU=NeptuneBenson,OU=Production,OU=CoreDataCenter,OU=DataCenter,DC=WT001,DC=NET";;"NeptuneBenson";
"WT001.NET/DataCenter/CoreDataCenter/Production/NetApp/Servers";"OU=Servers,OU=NetApp,OU=Production,OU=CoreDataCenter,OU=DataCenter,DC=WT001,DC=NET";;"NetApp";
"WT001.NET/DataCenter/CoreDataCenter/Production/Paymetric/Servers";"OU=Servers,OU=Paymetric,OU=Production,OU=CoreDataCenter,OU=DataCenter,DC=WT001,DC=NET";;"Paymetric";
"WT001.NET/DataCenter/CoreDataCenter/Production/PKI/Servers";"OU=Servers,OU=PKI,OU=Production,OU=CoreDataCenter,OU=DataCenter,DC=WT001,DC=NET";;"PKI";
"WT001.NET/DataCenter/CoreDataCenter/Production/QlikGateway/Servers";"OU=Servers,OU=QlikGateway,OU=Production,OU=CoreDataCenter,OU=DataCenter,DC=WT001,DC=NET";;"QlikGateway";
"WT001.NET/DataCenter/CoreDataCenter/Production/Qlikview/Servers";"OU=Servers,OU=Qlikview,OU=Production,OU=CoreDataCenter,OU=DataCenter,DC=WT001,DC=NET";;"Qlikview";
"WT001.NET/DataCenter/CoreDataCenter/Production/RDS/Servers";"OU=Servers,OU=RDS,OU=Production,OU=CoreDataCenter,OU=DataCenter,DC=WT001,DC=NET";;"RDS";
"WT001.NET/DataCenter/CoreDataCenter/Production/SAP";"OU=SAP,OU=Production,OU=CoreDataCenter,OU=DataCenter,DC=WT001,DC=NET";;;
"WT001.NET/DataCenter/CoreDataCenter/Production/Servers";"OU=Servers,OU=Production,OU=CoreDataCenter,OU=DataCenter,DC=WT001,DC=NET";;"Production";
"WT001.NET/DataCenter/CoreDataCenter/Production/SolarWinds/Servers";"OU=Servers,OU=SolarWinds,OU=Production,OU=CoreDataCenter,OU=DataCenter,DC=WT001,DC=NET";;"SolarWinds";
"WT001.NET/DataCenter/CoreDataCenter/Production/SQLB/Servers";"OU=Servers,OU=SQLB,OU=Production,OU=CoreDataCenter,OU=DataCenter,DC=WT001,DC=NET";;"SQLB";
"WT001.NET/DataCenter/CoreDataCenter/Production/Veeam";"OU=Veeam,OU=Production,OU=CoreDataCenter,OU=DataCenter,DC=WT001,DC=NET";;;
"WT001.NET/DataCenter/CoreDataCenter/Production/VisualPlanningBoard/Servers";"OU=Servers,OU=VisualPlanningBoard,OU=Production,OU=CoreDataCenter,OU=DataCenter,DC=WT001,DC=NET";;"VisualPlanningBoard";
"WT001.NET/DataCenter/CoreDataCenter/Production/Winshuttle/Servers";"OU=Servers,OU=Winshuttle,OU=Production,OU=CoreDataCenter,OU=DataCenter,DC=WT001,DC=NET";;"Winshuttle";
"WT001.NET/DataCenter/CoreDataCenter/Production/WSUS/Servers";"OU=Servers,OU=WSUS,OU=Production,OU=CoreDataCenter,OU=DataCenter,DC=WT001,DC=NET";;"WSUS";
"WT001.NET/DataCenter/CoreDataCenter/QA/Servers";"OU=Servers,OU=QA,OU=CoreDataCenter,OU=DataCenter,DC=WT001,DC=NET";;"QA";
"WT001.NET/DataCenter/CoreDataCenter/QA/Servers/Winshuttle Evolve";"OU=Winshuttle Evolve,OU=Servers,OU=QA,OU=CoreDataCenter,OU=DataCenter,DC=WT001,DC=NET";;;
"WT001.NET/DataCenter/ROW/Servers";"OU=Servers,OU=ROW,OU=DataCenter,DC=WT001,DC=NET";;"ROW";
"WT001.NET/DataCenter/Servers";"OU=Servers,OU=DataCenter,DC=WT001,DC=NET";;"DataCenter";
"WT001.NET/DataCenter/Servers/MGMT";"OU=MGMT,OU=Servers,OU=DataCenter,DC=WT001,DC=NET";;;
"WT001.NET/DataCenter/Servers/TestGPO";"OU=TestGPO,OU=Servers,OU=DataCenter,DC=WT001,DC=NET";;;
"WT001.NET/Domain Controllers";"OU=Domain Controllers,DC=WT001,DC=NET";;;
